{"cameraMode":{"drawMode":0,"name":"Shaded","section":"Shading Mode"},"sceneLighting":false,"audioPlay":false,"sceneViewState":{"showFog":true,"showMaterialUpdate":false,"showSkybox":true,"showFlares":true,"showImageEffects":true,"showParticleSystems":true},"in2DMode":false,"pivot":{"x":4.213316440582275,"y":1.9035159349441529,"z":2.488370180130005},"rotation":{"x":0.005252722185105085,"y":-0.9942829608917236,"z":0.058559346944093707,"w":0.08913274109363556},"size":3.3452341556549074,"orthographic":false}