{"cameraMode":{"drawMode":0,"name":"Shaded","section":"Shading Mode"},"sceneLighting":false,"audioPlay":false,"sceneViewState":{"showFog":true,"showMaterialUpdate":false,"showSkybox":true,"showFlares":true,"showImageEffects":true,"showParticleSystems":true},"in2DMode":false,"pivot":{"x":25.125835418701173,"y":1.403529405593872,"z":-22.467496871948243},"rotation":{"x":0.21691268682479859,"y":-0.5315377712249756,"z":0.14300844073295594,"w":0.8062041401863098},"size":4.315459251403809,"orthographic":false}